,lang
0,en
1,en
2,et
3,en
4,en
5,en
6,en
7,en
8,en
9,en
10,en
11,en
12,en
13,en
14,en
15,en
16,en
17,en
18,en
19,en
20,und
21,en
22,en
23,en
24,en
25,en
26,en
27,en
28,en
29,und
30,en
31,en
32,en
33,en
34,en
35,en
36,en
37,en
38,en
39,en
40,en
41,en
42,en
43,en
44,en
45,en
46,en
47,en
48,en
49,en
50,en
51,en
52,en
53,en
54,en
55,en
56,en
57,en
58,en
59,en
60,en
61,en
62,en
63,en
64,en
65,en
66,en
67,en
68,en
69,en
70,en
71,en
72,en
73,en
74,en
75,en
76,en
77,en
78,en
79,en
80,en
81,en
82,en
83,en
84,en
85,en
86,en
87,en
88,en
89,en
90,en
91,en
92,en
93,en
94,en
95,en
96,en
97,en
98,en
99,en

clock_time
23:40:17
23:40:17
23:40:17
23:40:17
23:40:17
23:40:17
23:40:18
23:40:17
23:40:18
23:40:18
23:40:18
23:40:17
23:40:18
23:40:18
23:40:17
23:40:18
23:40:18
23:40:17
23:40:18
23:40:17
23:40:18
23:40:18
23:40:18
23:40:18
23:40:17
23:40:18
23:40:18
23:40:17
23:40:18
23:40:18
23:40:18
23:40:18
23:40:18
23:40:18
23:40:18
23:40:18
23:40:18
23:40:18
23:40:18
23:40:18
23:40:18
23:40:18
23:40:18
23:40:18
23:40:18
23:40:18
23:40:18
23:40:18
23:40:18
23:40:18
23:40:18
23:40:18
23:40:18
23:40:18
23:40:18
23:40:18
23:40:18
23:40:18
23:40:18
23:40:18
23:40:19
23:40:18
23:40:18
23:40:18
23:40:19
23:40:19
23:40:19
23:40:18
23:40:19
23:40:19
23:40:19
23:40:18
23:40:19
23:40:19
23:40:19
23:40:18
23:40:19
23:40:19
23:40:19
23:40:19
23:40:19
23:40:19
23:40:19
23:40:19
23:40:19
23:40:19
23:40:19
23:40:19
23:40:19
23:40:19
23:40:19
23:40:19
23:40:19
23:40:19
23:40:19
23:40:19
23:40:19
23:40:19
23:40:19
23:40:19

created_at
Tue Mar 29 23:40:17 +0000 2016
Tue Mar 29 23:40:17 +0000 2016
Tue Mar 29 23:40:17 +0000 2016
Tue Mar 29 23:40:17 +0000 2016
Tue Mar 29 23:40:17 +0000 2016
Tue Mar 29 23:40:17 +0000 2016
Tue Mar 29 23:40:18 +0000 2016
Tue Mar 29 23:40:17 +0000 2016
Tue Mar 29 23:40:18 +0000 2016
Tue Mar 29 23:40:18 +0000 2016
Tue Mar 29 23:40:18 +0000 2016
Tue Mar 29 23:40:17 +0000 2016
Tue Mar 29 23:40:18 +0000 2016
Tue Mar 29 23:40:18 +0000 2016
Tue Mar 29 23:40:17 +0000 2016
Tue Mar 29 23:40:18 +0000 2016
Tue Mar 29 23:40:18 +0000 2016
Tue Mar 29 23:40:17 +0000 2016
Tue Mar 29 23:40:18 +0000 2016
Tue Mar 29 23:40:17 +0000 2016
Tue Mar 29 23:40:18 +0000 2016
Tue Mar 29 23:40:18 +0000 2016
Tue Mar 29 23:40:18 +0000 2016
Tue Mar 29 23:40:18 +0000 2016
Tue Mar 29 23:40:17 +0000 2016
Tue Mar 29 23:40:18 +0000 2016
Tue Mar 29 23:40:18 +0000 2016
Tue Mar 29 23:40:17 +0000 2016
Tue Mar 29 23:40:18 +0000 2016
Tue Mar 29 23:40:18 +0000 2016
Tue Mar 29 23:40:18 +0000 2016
Tue Mar 29 23:40:18 +0000 2016
Tue Mar 29 23:40:18 +0000 2016
Tue Mar 29 23:40:18 +0000 2016
Tue Mar 29 23:40:18 +0000 2016
Tue Mar 29 23:40:18 +0000 2016
Tue Mar 29 23:40:18 +0000 2016
Tue Mar 29 23:40:18 +0000 2016
Tue Mar 29 23:40:18 +0000 2016
Tue Mar 29 23:40:18 +0000 2016
Tue Mar 29 23:40:18 +0000 2016
Tue Mar 29 23:40:18 +0000 2016
Tue Mar 29 23:40:18 +0000 2016
Tue Mar 29 23:40:18 +0000 2016
Tue Mar 29 23:40:18 +0000 2016
Tue Mar 29 23:40:18 +0000 2016
Tue Mar 29 23:40:18 +0000 2016
Tue Mar 29 23:40:18 +0000 2016
Tue Mar 29 23:40:18 +0000 2016
Tue Mar 29 23:40:18 +0000 2016
Tue Mar 29 23:40:18 +0000 2016
Tue Mar 29 23:40:18 +0000 2016
Tue Mar 29 23:40:18 +0000 2016
Tue Mar 29 23:40:18 +0000 2016
Tue Mar 29 23:40:18 +0000 2016
Tue Mar 29 23:40:18 +0000 2016
Tue Mar 29 23:40:18 +0000 2016
Tue Mar 29 23:40:18 +0000 2016
Tue Mar 29 23:40:18 +0000 2016
Tue Mar 29 23:40:18 +0000 2016
Tue Mar 29 23:40:19 +0000 2016
Tue Mar 29 23:40:18 +0000 2016
Tue Mar 29 23:40:18 +0000 2016
Tue Mar 29 23:40:18 +0000 2016
Tue Mar 29 23:40:19 +0000 2016
Tue Mar 29 23:40:19 +0000 2016
Tue Mar 29 23:40:19 +0000 2016
Tue Mar 29 23:40:18 +0000 2016
Tue Mar 29 23:40:19 +0000 2016
Tue Mar 29 23:40:19 +0000 2016
Tue Mar 29 23:40:19 +0000 2016
Tue Mar 29 23:40:18 +0000 2016
Tue Mar 29 23:40:19 +0000 2016
Tue Mar 29 23:40:19 +0000 2016
Tue Mar 29 23:40:19 +0000 2016
Tue Mar 29 23:40:18 +0000 2016
Tue Mar 29 23:40:19 +0000 2016
Tue Mar 29 23:40:19 +0000 2016
Tue Mar 29 23:40:19 +0000 2016
Tue Mar 29 23:40:19 +0000 2016
Tue Mar 29 23:40:19 +0000 2016
Tue Mar 29 23:40:19 +0000 2016
Tue Mar 29 23:40:19 +0000 2016
Tue Mar 29 23:40:19 +0000 2016
Tue Mar 29 23:40:19 +0000 2016
Tue Mar 29 23:40:19 +0000 2016
Tue Mar 29 23:40:19 +0000 2016
Tue Mar 29 23:40:19 +0000 2016
Tue Mar 29 23:40:19 +0000 2016
Tue Mar 29 23:40:19 +0000 2016
Tue Mar 29 23:40:19 +0000 2016
Tue Mar 29 23:40:19 +0000 2016
Tue Mar 29 23:40:19 +0000 2016
Tue Mar 29 23:40:19 +0000 2016
Tue Mar 29 23:40:19 +0000 2016
Tue Mar 29 23:40:19 +0000 2016
Tue Mar 29 23:40:19 +0000 2016
Tue Mar 29 23:40:19 +0000 2016
Tue Mar 29 23:40:19 +0000 2016
Tue Mar 29 23:40:19 +0000 2016
