lang,created_at
en,Tue Mar 29 23:40:17 +0000 2016
en,Tue Mar 29 23:40:17 +0000 2016
et,Tue Mar 29 23:40:17 +0000 2016
en,Tue Mar 29 23:40:17 +0000 2016
en,Tue Mar 29 23:40:17 +0000 2016
en,Tue Mar 29 23:40:17 +0000 2016
en,Tue Mar 29 23:40:18 +0000 2016
en,Tue Mar 29 23:40:17 +0000 2016
en,Tue Mar 29 23:40:18 +0000 2016
en,Tue Mar 29 23:40:18 +0000 2016
en,Tue Mar 29 23:40:18 +0000 2016
en,Tue Mar 29 23:40:17 +0000 2016
en,Tue Mar 29 23:40:18 +0000 2016
en,Tue Mar 29 23:40:18 +0000 2016
en,Tue Mar 29 23:40:17 +0000 2016
en,Tue Mar 29 23:40:18 +0000 2016
en,Tue Mar 29 23:40:18 +0000 2016
en,Tue Mar 29 23:40:17 +0000 2016
en,Tue Mar 29 23:40:18 +0000 2016
en,Tue Mar 29 23:40:17 +0000 2016
und,Tue Mar 29 23:40:18 +0000 2016
en,Tue Mar 29 23:40:18 +0000 2016
en,Tue Mar 29 23:40:18 +0000 2016
en,Tue Mar 29 23:40:18 +0000 2016
en,Tue Mar 29 23:40:17 +0000 2016
en,Tue Mar 29 23:40:18 +0000 2016
en,Tue Mar 29 23:40:18 +0000 2016
en,Tue Mar 29 23:40:17 +0000 2016
en,Tue Mar 29 23:40:18 +0000 2016
und,Tue Mar 29 23:40:18 +0000 2016
en,Tue Mar 29 23:40:18 +0000 2016
en,Tue Mar 29 23:40:18 +0000 2016
en,Tue Mar 29 23:40:18 +0000 2016
en,Tue Mar 29 23:40:18 +0000 2016
en,Tue Mar 29 23:40:18 +0000 2016
en,Tue Mar 29 23:40:18 +0000 2016
en,Tue Mar 29 23:40:18 +0000 2016
en,Tue Mar 29 23:40:18 +0000 2016
en,Tue Mar 29 23:40:18 +0000 2016
en,Tue Mar 29 23:40:18 +0000 2016
en,Tue Mar 29 23:40:18 +0000 2016
en,Tue Mar 29 23:40:18 +0000 2016
en,Tue Mar 29 23:40:18 +0000 2016
en,Tue Mar 29 23:40:18 +0000 2016
en,Tue Mar 29 23:40:18 +0000 2016
en,Tue Mar 29 23:40:18 +0000 2016
en,Tue Mar 29 23:40:18 +0000 2016
en,Tue Mar 29 23:40:18 +0000 2016
en,Tue Mar 29 23:40:18 +0000 2016
en,Tue Mar 29 23:40:18 +0000 2016
en,Tue Mar 29 23:40:18 +0000 2016
en,Tue Mar 29 23:40:18 +0000 2016
en,Tue Mar 29 23:40:18 +0000 2016
en,Tue Mar 29 23:40:18 +0000 2016
en,Tue Mar 29 23:40:18 +0000 2016
en,Tue Mar 29 23:40:18 +0000 2016
en,Tue Mar 29 23:40:18 +0000 2016
en,Tue Mar 29 23:40:18 +0000 2016
en,Tue Mar 29 23:40:18 +0000 2016
en,Tue Mar 29 23:40:18 +0000 2016
en,Tue Mar 29 23:40:19 +0000 2016
en,Tue Mar 29 23:40:18 +0000 2016
en,Tue Mar 29 23:40:18 +0000 2016
en,Tue Mar 29 23:40:18 +0000 2016
en,Tue Mar 29 23:40:19 +0000 2016
en,Tue Mar 29 23:40:19 +0000 2016
en,Tue Mar 29 23:40:19 +0000 2016
en,Tue Mar 29 23:40:18 +0000 2016
en,Tue Mar 29 23:40:19 +0000 2016
en,Tue Mar 29 23:40:19 +0000 2016
en,Tue Mar 29 23:40:19 +0000 2016
en,Tue Mar 29 23:40:18 +0000 2016
en,Tue Mar 29 23:40:19 +0000 2016
en,Tue Mar 29 23:40:19 +0000 2016
en,Tue Mar 29 23:40:19 +0000 2016
en,Tue Mar 29 23:40:18 +0000 2016
en,Tue Mar 29 23:40:19 +0000 2016
en,Tue Mar 29 23:40:19 +0000 2016
en,Tue Mar 29 23:40:19 +0000 2016
en,Tue Mar 29 23:40:19 +0000 2016
en,Tue Mar 29 23:40:19 +0000 2016
en,Tue Mar 29 23:40:19 +0000 2016
en,Tue Mar 29 23:40:19 +0000 2016
en,Tue Mar 29 23:40:19 +0000 2016
en,Tue Mar 29 23:40:19 +0000 2016
en,Tue Mar 29 23:40:19 +0000 2016
en,Tue Mar 29 23:40:19 +0000 2016
en,Tue Mar 29 23:40:19 +0000 2016
en,Tue Mar 29 23:40:19 +0000 2016
en,Tue Mar 29 23:40:19 +0000 2016
en,Tue Mar 29 23:40:19 +0000 2016
en,Tue Mar 29 23:40:19 +0000 2016
en,Tue Mar 29 23:40:19 +0000 2016
en,Tue Mar 29 23:40:19 +0000 2016
en,Tue Mar 29 23:40:19 +0000 2016
en,Tue Mar 29 23:40:19 +0000 2016
en,Tue Mar 29 23:40:19 +0000 2016
en,Tue Mar 29 23:40:19 +0000 2016
en,Tue Mar 29 23:40:19 +0000 2016
en,Tue Mar 29 23:40:19 +0000 2016
